"age","ed","employ","address","debtinc","default","lincome","lothdebt","lcreddebt"
41,"Some college",17,12,9.3,"Yes",5.17048399503815,1.61115803217951,2.43004489073394
27,"Did not complete high school",10,6,17.3,"No",3.43398720448515,1.38649384122241,0.309102508037188
40,"Did not complete high school",15,14,5.5,"No",4.00733318523247,0.774231653100288,-0.155397289856095
41,"Did not complete high school",15,14,2.9,"No",4.78749174278205,-0.196891180170144,0.977844803970766
24,"High school degree",2,0,17.3,"Yes",3.3322045101752,1.11729140924992,0.580782190749236
41,"High school degree",5,5,10.2,"No",3.2188758248682,0.768857439794421,-0.934709317398173
39,"Did not complete high school",20,9,30.6,"No",4.20469261939097,2.81349827292688,1.34387578023366
43,"Did not complete high school",12,11,3.6,"No",3.63758615972639,0.214633846261201,-2.05111067751177
24,"Did not complete high school",3,4,24.4,"Yes",2.94443897916644,1.18712731239194,0.306269255512436
36,"Did not complete high school",0,13,19.7,"No",3.2188758248682,0.764211238990949,1.02162324713997
27,"Did not complete high school",0,1,1.7,"No",2.77258872223978,-2.4136507409029,-1.70093935469659
25,"Did not complete high school",4,0,5.2,"No",3.13549421592915,-0.0580063026078228,-1.37691448997763
52,"Did not complete high school",24,14,10,"No",4.15888308335967,0.90438008084832,1.36853763953063
37,"Did not complete high school",6,9,16.3,"No",3.36729582998647,1.10230512840113,0.539938307093813
48,"Did not complete high school",22,15,9.1,"No",4.60517018598809,1.68571353353839,1.30933231998326
36,"High school degree",9,6,8.6,"Yes",3.89182029811063,1.22274077890649,-0.201484804536812
36,"High school degree",13,6,16.4,"Yes",3.71357206670431,1.33652201476742,1.07097247066464
43,"Did not complete high school",23,19,7.6,"No",4.27666611901606,1.45629792168852,0.167167309022277
39,"Did not complete high school",6,9,5.7,"No",4.11087386417331,1.06943267452567,-0.573989090724028
41,"Some college",0,21,1.7,"No",3.25809653802148,-1.07004815570336,-2.31255462403154
39,"Did not complete high school",22,3,3.2,"No",3.95124371858143,-0.67494583463074,0.143941023923684
47,"Did not complete high school",17,21,5.6,"No",3.76120011569356,0.599082624643971,-0.531790526242361
28,"Did not complete high school",3,6,10,"No",3.25809653802148,0.773989568404046,-0.840256045598157
29,"Did not complete high school",8,6,9.8,"No",3.29583686600433,0.80817442250253,-0.910825692443097
21,"High school degree",1,2,18,"Yes",2.77258872223978,0.970051379839848,-1.41914818599097
25,"College degree",0,2,17.6,"No",3.46573590279973,1.25042881791274,0.760880592594036
45,"High school degree",9,26,6.7,"No",4.23410650459726,1.36498926067601,-0.346273512583613
43,"Did not complete high school",25,21,16.7,"No",4.15888308335967,2.27590923507211,-0.0499972924557073
33,"High school degree",12,8,18.4,"No",4.06044301054642,2.02654063999437,1.12629489830356
26,"Some college",2,1,14.2,"No",3.61091791264422,1.6192088212515,-1.58520394158914
45,"Did not complete high school",3,15,2.1,"No",2.99573227355399,-1.1551826401565,-2.25379492882461
30,"Did not complete high school",1,10,10.5,"No",3.09104245335832,0.158003249142748,0.130001419594255
27,"Some college",2,7,6,"No",3.25809653802148,-0.177071363211827,-0.325342403634457
25,"Did not complete high school",8,4,14.4,"No",3.29583686600433,1.05408343221653,0.0184841113771524
25,"Did not complete high school",8,1,2.9,"No",3.55534806148941,-0.0641545948467022,-2.56213332620206
26,"High school degree",6,7,26,"No",3.80666248977032,1.73185021647415,1.79987643733
30,"High school degree",10,4,16.1,"No",3.09104245335832,0.757193705687326,0.343388265662942
32,"High school degree",12,1,14.4,"No",3.98898404656427,1.52171297182759,1.16188000267224
28,"High school degree",1,8,17.1,"Yes",3.17805383034795,1.01743693979864,0.291104210253039
45,"Did not complete high school",23,5,4.2,"No",3.91202300542815,0.432691094361756,-0.582321625471061
23,"Did not complete high school",7,2,6.6,"No",3.43398720448515,0.535563113398153,-1.08592313755212
34,"Did not complete high school",17,3,8,"No",4.07753744390572,1.06892254452071,0.592088509795973
42,"High school degree",7,23,4.6,"No",3.71357206670431,-0.0566909936860065,-0.0606909990193526
39,"Did not complete high school",19,5,13.1,"No",3.87120101090789,1.47191777533467,0.657735523731965
26,"Did not complete high school",0,0,7.5,"Yes",2.63905732961526,-0.290887203400729,-1.19600463467676
21,"High school degree",0,1,6.8,"No",2.77258872223978,-0.064158859884693,-1.89616044539118
35,"Did not complete high school",13,15,4.5,"No",3.55534806148941,0.134050008120255,-0.84037190031647
47,"Did not complete high school",4,2,10.4,"No",3.25809653802148,0.948688219679311,-2.1063606310311
23,"High school degree",0,2,11.4,"Yes",3.04452243772342,0.481403404196608,-0.254046156054026
35,"Did not complete high school",18,2,7.4,"No",3.73766961828337,1.06570059175211,-1.58412110445031
34,"Did not complete high school",2,11,12.6,"Yes",3.2188758248682,0.946509510458152,-0.5563461390678
46,"Did not complete high school",1,12,14,"No",2.99573227355399,0.688536568002262,-0.211709173688547
46,"Did not complete high school",16,18,12.9,"Yes",3.95124371858143,1.30182085192684,1.10922774481106
38,"Some college",3,18,3.7,"No",3.2188758248682,-0.488941830265986,-1.16563389009949
40,"High school degree",3,2,9.5,"No",3.3322045101752,0.745132235625897,-0.591891076487211
37,"Did not complete high school",1,3,15.1,"Yes",3.17805383034795,0.600413279298335,0.588413135295225
35,"Did not complete high school",9,1,5,"No",3.52636052461616,0.264055141820625,-0.921805912562265
39,"High school degree",16,13,2.4,"No",4.23410650459726,-0.52002783453079,0.0596792339016009
40,"Some college",18,6,2.5,"No",4.60517018598809,0.0148886124937506,0.395414772254663
50,"Some college",10,20,12.2,"No",4.38202663467388,1.98526272164662,0.907871388461401
31,"Did not complete high school",9,10,2.4,"No",3.3322045101752,-0.471143478627286,-3.04257234039981
29,"Did not complete high school",13,1,7.4,"Yes",3.73766961828337,0.500986174765203,0.376826921969543
37,"Did not complete high school",4,0,12.4,"No",3.13549421592915,0.684177069134705,-0.139422999822676
33,"High school degree",4,9,7,"No",4.00733318523247,0.524817282392727,0.770038774840252
26,"High school degree",5,7,7.8,"No",3.3322045101752,0.14816480014246,0.024005547346801
32,"High school degree",11,6,23.3,"Yes",4.31748811353631,2.27378430338832,2.04884057156996
28,"High school degree",2,3,6.4,"Yes",3.13549421592915,0.25080229716415,-1.67694617221686
39,"Did not complete high school",19,8,9.1,"No",3.8286413964891,0.512951761931534,0.922585279576878
28,"High school degree",8,3,8.2,"Yes",3.43398720448515,0.0486434867461581,0.400220713613222
29,"Did not complete high school",1,2,18.6,"Yes",2.99573227355399,1.14766908395497,-0.563593689304646
34,"High school degree",3,8,23.1,"No",3.04452243772342,1.23810202008418,0.337856278393375
28,"High school degree",5,9,23.8,"No",3.52636052461616,1.60798966422875,1.13115562950401
47,"Did not complete high school",26,21,12.8,"No",4.60517018598809,2.1062781956334,1.52222287834413
43,"College degree",1,5,10.6,"No",3.25809653802148,0.213047961911529,0.41775988332219
41,"Did not complete high school",13,10,1.7,"No",3.78418963391826,-0.390172636289871,-2.64423068838926
47,"Did not complete high school",13,25,23.8,"No",3.93182563272433,2.1281717040492,1.3186855314051
24,"Did not complete high school",2,1,0.6,"No",3.04452243772342,-2.29336770394444,-3.6859238262883
29,"Did not complete high school",1,9,6.7,"No",2.83321334405622,-0.0183493238533989,-1.85035090935989
33,"Did not complete high school",14,2,2.6,"No",3.61091791264422,-0.27067288566372,-1.6137773140332
36,"Did not complete high school",15,10,3.2,"No",3.66356164612965,-0.576965426270536,-0.376294730808384
26,"Did not complete high school",4,3,10.5,"Yes",3.29583686600433,-1.0136830778828,0.905076082106558
31,"Did not complete high school",11,12,17,"No",3.80666248977032,1.59153867254627,1.00748335525701
37,"Did not complete high school",7,3,19.6,"No",3.46573590279973,1.27397636489457,0.992125212753578
35,"College degree",4,16,11,"No",3.36729582998647,0.297270951850628,0.611839506486994
26,"Did not complete high school",4,3,5.4,"No",2.99573227355399,-0.27259643503374,-1.14381888150619
40,"Did not complete high school",10,15,18.8,"No",3.80666248977032,1.86354045032264,0.69986456830747
29,"High school degree",5,4,12.4,"Yes",3.58351893845611,-0.0272149911140382,1.25014468664218
37,"Some college",5,17,24.6,"No",3.36729582998647,1.74547152190132,0.340320536692551
32,"Did not complete high school",12,12,2.9,"No",3.3322045101752,-0.362572299204816,-2.15316558754269
23,"High school degree",0,1,27.7,"Yes",2.83321334405622,0.980314370482463,0.714764826379685
32,"Did not complete high school",3,10,6.2,"No",3.13549421592915,0.317171454808093,-2.94196404434581
25,"Did not complete high school",1,6,11.4,"Yes",2.70805020110221,0.291870787523234,-0.991364554927109
38,"Did not complete high school",5,5,10.6,"No",3.98898404656427,1.44085640731254,0.405257086473164
32,"High school degree",0,6,5.8,"Yes",2.89037175789616,-0.291015622561045,-1.21572155136048
41,"Some college",2,0,26.3,"Yes",2.70805020110221,0.68528384541544,0.673283701412329
36,"Did not complete high school",17,6,4.4,"No",3.98898404656427,0.500135083025066,-0.318751775529358
42,"Some college",13,0,3.3,"No",4.40671924726425,0.329939516221624,0.273924874666953
41,"Did not complete high school",14,8,7.3,"No",3.95124371858143,1.05423397794508,-0.0766391729412537
29,"High school degree",4,9,6.3,"No",2.94443897916644,-0.661828762302553,-0.38405641827997
38,"Some college",4,6,9.3,"Yes",3.43398720448515,0.438934699835912,0.286641030755867
39,"Did not complete high school",22,9,2.6,"No",4.72738781871234,0.668255948245982,-0.0129150412672472
36,"Did not complete high school",6,9,8.3,"No",3.25809653802148,0.755082942456441,-3.49951608253094
33,"Did not complete high school",8,7,5.8,"No",3.29583686600433,-0.236654413342157,-0.252654754688598
42,"High school degree",21,11,3.1,"No",4.79579054559674,0.869465755457735,0.311421059754354
41,"High school degree",22,17,23.6,"No",4.31748811353631,2.05711924267534,2.29016832297896
40,"Did not complete high school",8,17,3.6,"No",3.3322045101752,-0.747054414628856,-0.626910102786793
53,"Did not complete high school",9,18,11.2,"Yes",3.91202300542815,1.27647949511268,0.701115350209122
28,"Did not complete high school",4,7,13.5,"No",3.25809653802148,0.795166621036851,0.258657402536165
36,"High school degree",12,13,7.9,"No",4.0943445622221,1.10505151229701,0.542684690989699
34,"High school degree",9,13,10.1,"No",3.80666248977032,1.23166481665526,0.111603984579668
45,"Some college",2,5,4.9,"No",3.66356164612965,0.373189819556376,-0.77948969038201
38,"Did not complete high school",6,0,8.9,"No",3.71357206670431,1.21865144403803,-1.32284268037944
21,"Some college",0,2,7.7,"No",3.17805383034795,0.0144471357468859,-0.182183966259966
42,"Did not complete high school",12,11,21.4,"No",3.93182563272433,2.14030213565265,0.880453791299656
52,"Did not complete high school",16,25,8.6,"No",4.15888308335967,1.29147366150059,0.623719929029356
25,"High school degree",4,6,5.2,"No",3.49650756146648,0.151388010024029,-0.593207732371958
34,"High school degree",9,9,6.2,"No",4.17438726989564,0.653527587864796,0.745592561041377
40,"High school degree",15,16,3.4,"No",4.29045944114839,0.371210390628506,0.0319946680615418
31,"High school degree",0,4,12.8,"Yes",3.29583686600433,0.861775410221898,0.0849292107853052
25,"Did not complete high school",1,0,6.7,"Yes",2.99573227355399,-0.141194968667042,-0.75145448942122
45,"Did not complete high school",12,19,9.5,"No",3.61091791264422,0.775772703738182,0.294704854887066
23,"Did not complete high school",3,0,8.4,"Yes",2.94443897916644,0.275128606380161,-1.27546880603101
34,"College degree",6,3,35.3,"Yes",3.29583686600433,2.02135575678778,0.68433244467467
31,"Did not complete high school",2,4,12.7,"Yes",3.09104245335832,0.53153724956253,0.0884265418379988
28,"Did not complete high school",5,9,2.8,"No",3.09104245335832,-0.743279044405978,-1.96291796547631
41,"Did not complete high school",7,11,4.4,"No",3.76120011569356,0.180349613791726,-0.36475896029788
39,"High school degree",7,2,13,"Yes",4.21950770517611,2.05711924267534,0.016463726030665
29,"High school degree",9,3,1.4,"No",3.58351893845611,-0.975531311918428,-2.06350520238148
21,"Did not complete high school",5,1,9,"No",3.2188758248682,0.632999007723667,-1.00307486195905
41,"High school degree",19,2,5.8,"No",4.21950770517611,0.890928615215943,0.409860766364827
26,"College degree",1,7,2.9,"No",3.29583686600433,-0.75212041666465,-1.16592585668903
33,"Did not complete high school",5,10,12.9,"No",2.89037175789616,0.290781264989454,-0.0155929404744796
45,"High school degree",18,19,17.4,"No",3.55534806148941,1.71233740225056,-0.601297526930066
39,"Did not complete high school",17,20,13.7,"No",4.0943445622221,1.75274833411176,0.895908416591356
24,"Did not complete high school",7,2,6.3,"No",3.04452243772342,-0.21932460278982,-0.654043781980057
29,"High school degree",6,7,2.2,"No",4.04305126783455,-0.221512382393873,-0.792538878438527
27,"High school degree",1,0,12.4,"No",3.13549421592915,0.942659986894223,-1.254564590442
40,"Did not complete high school",13,2,5.9,"No",3.3322045101752,-0.375083343622088,-0.0358676210551237
29,"Did not complete high school",8,10,6.7,"No",3.17805383034795,0.129679985468357,-0.756010305957081
29,"High school degree",4,3,6.6,"Yes",3.61091791264422,0.248460359298,0.148376900741017
24,"Did not complete high school",0,2,16,"Yes",2.77258872223978,0.439131965578649,0.00860288880726785
27,"Did not complete high school",9,6,17.8,"Yes",3.80666248977032,1.64063420820248,1.04786621295016
41,"Some college",16,22,4.4,"No",4.90527477843843,1.53963757217482,0.244591882520079
31,"Did not complete high school",11,8,9.1,"No",3.2188758248682,0.757974722427001,-1.95864084153413
41,"Did not complete high school",16,17,5.4,"No",4.21950770517611,1.17062778741122,-0.802997761490637
42,"High school degree",5,3,3.4,"No",3.71357206670431,0.0378062517357546,-1.03431442148538
28,"College degree",1,3,12.4,"No",3.25809653802148,1.0461927462662,-0.974958519539999
30,"College degree",2,8,10,"No",3.2188758248682,-0.3147107448397,0.570979546585738
30,"Did not complete high school",11,1,8.4,"No",3.49650756146648,0.737206170353476,-0.382854661722118
31,"Did not complete high school",8,4,8,"No",3.78418963391826,0.587075300831573,0.543068200102741
45,"High school degree",15,14,18.1,"No",3.93182563272433,2.03864454684709,0.438776085429136
43,"Did not complete high school",13,23,6.1,"Yes",4.33073334028633,0.91023080756617,0.765981198721624
36,"Did not complete high school",4,10,16.3,"No",3.13549421592915,0.88453336255424,0.283030771905412
28,"Did not complete high school",8,6,7.2,"No",3.40119738166216,0.436033109674582,-0.488672819124857
27,"High school degree",3,5,13.2,"No",3.49650756146648,1.00155057582498,0.490724952058988
36,"Some college",13,3,19.2,"No",3.66356164612965,1.54489683129325,1.02980225760769
33,"Did not complete high school",12,11,11.3,"No",3.46573590279973,0.413094596072549,0.744083611279231
54,"Did not complete high school",9,2,14.8,"Yes",3.3322045101752,0.950056594344473,0.443495369364939
33,"Did not complete high school",9,4,13.8,"Yes",3.36729582998647,0.975813947365267,0.299121887531766
31,"Did not complete high school",9,5,4.5,"No",3.25809653802148,-0.150881030959636,-1.17102170418625
21,"Did not complete high school",4,0,8.9,"No",3.25809653802148,-0.112940280745821,0.35121727793649
28,"Some college",5,9,8.7,"No",3.78418963391826,1.11669579205838,-0.257145107990224
31,"High school degree",2,1,6.8,"Yes",3.25809653802148,0.395495577070674,-1.26273249953286
32,"Did not complete high school",8,6,4.1,"No",3.25809653802148,-0.30136999273168,-1.1202568512861
35,"High school degree",1,8,12.5,"Yes",3.17805383034795,0.879211723632734,-0.525939261576039
40,"High school degree",13,11,18.9,"Yes",4.62497281328427,2.56888054329191,1.8288615936023
22,"Did not complete high school",4,2,15.6,"Yes",3.17805383034795,0.745678907772899,0.492332474728799
39,"Did not complete high school",4,9,6.5,"No",3.63758615972639,0.256044335722672,0.16397936254609
41,"College degree",14,3,1.7,"No",3.78418963391826,-0.929011296283535,-1.04112859440424
34,"Did not complete high school",16,9,4,"No",4.36944785246702,0.354284088119362,0.550915190126214
29,"Did not complete high school",7,9,9.7,"No",3.09104245335832,0.459592117064805,-0.596797541180958
31,"Did not complete high school",4,10,11.3,"No",3.3322045101752,1.05532614952456,-1.23412965202769
32,"Did not complete high school",1,0,4.8,"Yes",2.99573227355399,-0.438318932979243,-1.15556366511825
32,"Did not complete high school",14,7,8.8,"No",4.29045944114839,0.982970957923587,1.32218668049055
33,"Did not complete high school",6,14,7.5,"No",3.04452243772342,0.00796816964917688,-0.567395975254385
26,"Did not complete high school",6,0,10.3,"No",3.09104245335832,0.43529054146714,-0.327687733596146
21,"Did not complete high school",1,1,17.3,"No",2.89037175789616,1.0835615930396,-1.840021572846
28,"High school degree",7,2,7,"No",3.52636052461616,0.703404395012594,-1.02337495448383
37,"Did not complete high school",13,5,8.9,"No",3.17805383034795,0.427649211164035,-0.506913286946075
33,"High school degree",2,14,22.9,"Yes",3.55534806148941,1.77343000629222,0.753289333065602
39,"Did not complete high school",12,10,5,"No",3.8286413964891,0.5531952201325,-0.577677930753831
40,"High school degree",8,19,5.6,"No",4.04305126783455,0.8390640554601,-0.130336501728003
45,"Some college",16,21,3,"No",4.38202663467388,0.3974329364109,-0.0921152889078056
27,"Did not complete high school",10,6,6.5,"No",3.52636052461616,0.306859504354042,-0.161519429164691
28,"College degree",0,7,24.2,"No",3.36729582998647,1.7215776769691,0.353928977220674
39,"Did not complete high school",13,9,8,"No",3.29583686600433,0.177710944236271,-0.0350884626724945
40,"Did not complete high school",14,21,15,"Yes",3.76120011569356,1.2966841555533,1.02706257982803
27,"Did not complete high school",11,8,16.9,"No",4.02535169073515,1.57415057341232,1.53414523879862
36,"Did not complete high school",1,4,9.3,"No",2.77258872223978,0.0535331839608905,-0.836999075399744
55,"Did not complete high school",19,2,15.6,"No",4.35670882668959,2.04939255931964,1.48269848780063
27,"High school degree",4,3,13.2,"Yes",3.09104245335832,0.597684189080511,0.0825896153949445
30,"Did not complete high school",1,8,11,"No",2.83321334405622,0.116778086419566,-0.292855431225778
36,"Did not complete high school",10,0,11.2,"Yes",3.3322045101752,0.84184300970424,-0.204125545478448
31,"Did not complete high school",1,6,2.5,"Yes",3.04452243772342,-1.3951333097871,-1.28301601166639
33,"High school degree",13,2,7.2,"No",3.68887945411394,0.99271829740414,-1.70683025844275
30,"Did not complete high school",4,0,4.2,"No",3.49650756146648,-0.121428923836891,-0.692455419881545
24,"Did not complete high school",1,0,5.9,"Yes",2.89037175789616,-0.194738326809043,-1.43150095395797
33,"College degree",9,10,4.3,"No",3.3322045101752,-0.189771639873158,-0.975902741555355
50,"Did not complete high school",8,27,6.9,"No",3.85014760171006,1.04525054071523,-0.919072096284539
31,"High school degree",6,6,23.1,"Yes",3.46573590279973,1.39891834230526,1.20632523518948
28,"Did not complete high school",3,7,4.1,"No",2.94443897916644,-0.657712471437672,-1.34336898026846
44,"Some college",8,10,6.1,"Yes",4.47733681447821,1.62599921387332,-1.25700796576063
48,"College degree",3,23,9.8,"No",3.80666248977032,1.23413045634737,-0.0257178880056296
36,"High school degree",0,17,9.7,"No",3.40119738166216,0.948242784510844,-1.1122143790864
29,"Some college",7,1,5.5,"No",4.14313472639153,1.06238907851058,-0.55909717243969
40,"Some college",17,11,6,"No",4.75359019110636,1.48131358951105,0.940507133533122
33,"Did not complete high school",7,6,6,"No",3.25809653802148,0.0169751042059616,-0.610866977946217
26,"High school degree",6,6,1,"No",3.40119738166216,-1.85597804155471,-1.94002748589716
36,"Did not complete high school",14,11,7.2,"No",4.39444915467244,1.39807667623102,0.579189817676601
26,"High school degree",6,0,1.9,"No",3.55534806148941,-0.546081540455917,-2.45591111294675
40,"Some college",16,6,12.1,"No",4.75359019110636,2.51945782374676,0.478802307102082
44,"Did not complete high school",5,3,9,"Yes",3.87120101090789,0.854449370129825,0.677992932788268
29,"Some college",1,10,4.5,"No",3.40119738166216,0.0681725351030489,-1.27493189326643
35,"Some college",5,3,5.4,"Yes",3.61091791264422,0.348246927776352,-0.542285331584283
34,"Did not complete high school",16,3,10.4,"No",4.31748811353631,1.3468776287561,1.37487945830459
34,"Some college",12,8,6.7,"No",3.85014760171006,0.614354482964847,0.262777256097783
46,"Did not complete high school",14,25,10.2,"No",3.55534806148941,0.79775040954859,0.299704512428998
41,"High school degree",21,22,12.2,"No",4.97673374242057,2.67088332404956,1.17473038203098
27,"High school degree",7,8,4,"Yes",3.40119738166216,-0.284487181555262,-0.803855302544367
27,"College degree",0,6,8,"Yes",4.24849524204936,1.38168374856221,0.481438006871399
28,"Did not complete high school",11,6,2.4,"No",3.17805383034795,-0.757442531265843,-2.23365622355518
48,"Some college",0,27,10.8,"No",2.94443897916644,0.184379437903399,-0.1630743778483
48,"Some college",17,26,12,"No",4.72738781871234,2.32077465529425,1.21682189999482
29,"Some college",5,6,19.9,"Yes",4.24849524204936,2.37527405883435,1.15563513776402
43,"High school degree",9,5,20.4,"Yes",4.0943445622221,2.10423171048705,1.39604665256257
23,"Did not complete high school",5,2,7.9,"No",2.83321334405622,0.0400136679123104,-1.19674895923662
29,"High school degree",10,8,18.1,"No",3.78418963391826,1.44944285411582,1.30921351280717
40,"College degree",5,6,1.9,"No",4.31748811353631,-0.616047260179097,-0.122252383328044
22,"High school degree",0,3,5.6,"No",2.99573227355399,-0.0912384804342712,-1.57407076859681
23,"Did not complete high school",7,3,14.4,"No",3.09104245335832,0.841125708931354,-0.163667824519101
46,"Some college",9,10,15.3,"No",4.0943445622221,2.02465531198494,0.474057899573776
55,"Did not complete high school",3,11,8,"Yes",3.68887945411394,0.969566060733016,-0.574120474138304
38,"High school degree",8,16,0.6,"No",3.63758615972639,-1.61652295215733,-3.52635252464816
35,"High school degree",5,1,2.8,"No",3.49650756146648,-0.19782674333042,-2.2682996150275
30,"Did not complete high school",11,9,0.9,"No",3.29583686600433,-1.77709945428931,-2.6054214132175
24,"Did not complete high school",7,0,6.5,"No",2.89037175789616,-0.440833251945956,-0.641503947408107
26,"High school degree",4,3,9.5,"No",3.3322045101752,0.889494909086992,-1.48677789969821
32,"High school degree",2,11,9.1,"Yes",2.70805020110221,0.220135030249755,-2.13069273169063
37,"High school degree",11,4,3.5,"No",4.31748811353631,0.68932739445708,-0.457877449447895
39,"Did not complete high school",6,19,19.9,"Yes",3.73766961828337,1.76081354537801,0.932491586449808
30,"High school degree",4,4,18.3,"No",3.04452243772342,1.20928745650955,-0.709471703479813
30,"Did not complete high school",10,11,9.5,"No",3.66356164612965,0.500002261932153,0.720896093512348
32,"High school degree",7,10,4.3,"No",3.46573590279973,-0.0591557012087599,-0.836001900645352
54,"Some college",21,20,14.4,"No",4.77068462446567,2.00033339716608,2.26181309722383
27,"Some college",3,4,13.3,"No",3.55534806148941,1.11634742069098,0.470828289120292
31,"Did not complete high school",12,4,23.7,"No",3.43398720448515,1.6657879996661,0.721326390825253
39,"Did not complete high school",15,16,1.8,"No",3.66356164612965,-0.575716206870104,-1.96827232921397
31,"Did not complete high school",5,3,14.1,"No",3.2188758248682,0.853414827822484,0.163266150258795
35,"Did not complete high school",15,11,18.5,"No",3.68887945411394,1.82235333431269,0.193591149052185
35,"High school degree",10,16,13.3,"No",4.58496747867057,2.09915642002815,1.58406184634258
46,"High school degree",22,17,11.1,"No",4.969813299576,2.53839433473849,1.20137102262538
33,"Did not complete high school",13,3,21.3,"Yes",3.95124371858143,2.1237430755756,0.998283536871305
35,"High school degree",13,3,1.9,"No",4.65396035015752,-0.550684540527878,0.349561201162931
35,"High school degree",1,1,7.9,"No",3.04452243772342,0.253900082593818,-0.994368496313711
38,"Did not complete high school",5,13,9,"No",3.04452243772342,0.36476810577606,-0.798907776239111
41,"Did not complete high school",19,1,7.8,"No",4.56434819146784,1.65519720242696,0.81265672494203
38,"Did not complete high school",18,19,4.5,"No",3.78418963391826,0.317813526231111,-0.501073332323312
34,"Some college",2,14,13.2,"No",3.66356164612965,1.38757953493013,0.133530392624023
51,"Some college",16,25,4.4,"No",4.40671924726425,0.00301943690887715,0.957423462111066
34,"High school degree",10,2,9.5,"No",3.49650756146648,0.94051298996275,-0.555639952055832
47,"Did not complete high school",15,1,24.5,"No",3.40119738166216,1.63659577647642,0.794055298991484
34,"High school degree",8,6,5.4,"No",4.35670882668959,0.720497721142739,0.7685069403291
27,"High school degree",8,7,11.9,"No",2.89037175789616,0.554715802591231,-0.914906690101993
52,"Did not complete high school",9,11,19.2,"Yes",3.17805383034795,1.33663341793243,-0.220906056374018
39,"Did not complete high school",9,6,5,"No",3.55534806148941,0.416899485733827,-1.45779036282496
33,"Did not complete high school",7,0,6.4,"No",3.09104245335832,-0.252036974969191,-0.460791788831301
34,"Did not complete high school",0,1,7.2,"No",3.04452243772342,0.281044089711596,-1.67404043561976
31,"Some college",9,7,14.6,"Yes",4.07753744390572,1.70553796202732,1.13451146598266
28,"Did not complete high school",2,9,15.2,"No",2.77258872223978,0.445546988811745,-0.138508328477516
39,"Did not complete high school",19,16,3.7,"No",3.80666248977032,-0.288682572785365,-0.0880118773232133
51,"High school degree",22,23,7.6,"No",4.78749174278205,1.60533350084901,1.42081172314545
22,"Did not complete high school",4,1,1.2,"No",2.77258872223978,-2.2300784022073,-2.47124045902419
27,"Some college",6,4,10.4,"No",3.25809653802148,0.57313766814267,-0.072381463428021
32,"Did not complete high school",16,10,21,"No",3.63758615972639,1.98591901307455,-0.364908748865836
28,"High school degree",6,7,7.2,"No",3.63758615972639,0.673817561377787,-0.255811381578595
27,"High school degree",1,0,10.3,"Yes",2.99573227355399,0.520589798679356,-0.975563143339226
26,"High school degree",2,6,13.6,"Yes",3.17805383034795,0.523241032628153,0.455214811772296
32,"Did not complete high school",14,0,2.4,"No",3.58351893845611,-0.525979871537668,-1.29819557557331
30,"Did not complete high school",0,11,3.7,"Yes",2.83321334405622,-1.70149837828331,-0.806114331228473
39,"Did not complete high school",13,1,8.9,"No",3.63758615972639,0.395211384569423,0.640432877016948
31,"Did not complete high school",11,6,4.8,"Yes",3.3322045101752,-0.00140899216342005,-1.06302895198596
34,"Did not complete high school",15,2,24.7,"Yes",3.66356164612965,1.66005840053825,1.4755366228347
31,"Did not complete high school",8,3,12.6,"No",3.71357206670431,1.61575471933405,-2.00756004628701
29,"High school degree",1,7,10.4,"No",3.2188758248682,0.708331315884985,-0.5631721041382
29,"Did not complete high school",9,0,13.9,"No",3.2188758248682,0.877425155652288,0.0679389830081929
35,"High school degree",9,16,7.6,"No",3.40119738166216,0.48870270667822,-0.431090655747137
29,"Did not complete high school",11,7,6,"No",3.46573590279973,-0.00738721843401777,-0.0754134392898742
38,"High school degree",2,16,22.7,"Yes",3.09104245335832,1.33116529851782,0.189419639032131
35,"Did not complete high school",16,15,3.4,"No",3.58351893845611,0.0443000988965671,-1.72202447318367
29,"Did not complete high school",11,5,6.1,"No",3.58351893845611,0.396553517577422,-0.343465432112196
23,"High school degree",3,4,4.4,"No",3.52636052461616,0.210422986904829,-1.34017442550634
33,"College degree",9,8,5.5,"No",3.46573590279973,0.234028099116147,-0.700534398993963
51,"High school degree",19,25,2.8,"No",5.06890420222023,1.21891658771154,0.0662370777731527
24,"Did not complete high school",4,2,2.6,"No",3.04452243772342,-0.806029245616622,-2.30888489514257
31,"Did not complete high school",10,12,9.8,"Yes",3.89182029811063,0.448174600183632,1.17450732972923
45,"Did not complete high school",10,14,5.4,"No",3.95124371858143,0.629005380718073,-0.0701478239020839
29,"Did not complete high school",3,1,9,"No",2.83321334405622,0.0585424556121102,-0.755639795990596
34,"Did not complete high school",0,10,17.1,"No",2.99573227355399,0.315846699398946,0.717146870207826
25,"High school degree",4,5,5,"Yes",3.29583686600433,-0.222456287534074,-0.598837501089204
37,"Did not complete high school",20,2,1.9,"No",4.02535169073515,-0.651314496958012,-0.611309162344313
47,"Did not complete high school",29,18,25.3,"Yes",4.85981240436167,2.49119434076319,3.0234111545105
43,"High school degree",6,24,9.6,"No",3.98898404656427,1.51774358754009,-0.474686577150118
47,"Did not complete high school",22,19,5.5,"No",4.39444915467244,1.08153733787764,0.409317677423654
24,"Did not complete high school",6,2,5.2,"No",3.04452243772342,-0.0162391440510859,-2.22462455152483
27,"Some college",5,1,6.3,"No",4.31748811353631,0.923633706129414,0.791441539632466
25,"Did not complete high school",9,4,1.2,"No",2.89037175789616,-1.89632030471532,-2.7199203736727
36,"Some college",11,12,14.7,"No",3.78418963391826,1.79537094000979,-0.806781832670017
39,"Did not complete high school",16,20,19.4,"No",4.04305126783455,2.25116779091786,0.444158759311772
26,"Did not complete high school",10,1,7.1,"No",3.2188758248682,-0.758005752908442,0.267275262674118
41,"Did not complete high school",4,19,10.1,"No",3.2188758248682,0.381513887285651,0.0587404950226001
39,"Did not complete high school",19,15,27.1,"Yes",4.0943445622221,1.89710998483588,2.26107536203729
37,"Did not complete high school",18,8,12.1,"No",3.98898404656427,0.662996172999441,1.52462092600741
29,"Did not complete high school",2,0,14.4,"Yes",2.63905732961526,0.357215597759113,-0.533316661601522
42,"Did not complete high school",6,9,11.6,"No",3.43398720448515,0.944349380321244,0.0245560178958874
31,"College degree",1,6,11.1,"No",3.36729582998647,0.767099533462762,0.0634338487115969
36,"Did not complete high school",4,15,17.3,"No",2.83321334405622,0.883950581266791,-0.65285588683645
39,"Did not complete high school",16,4,20,"No",3.95124371858143,1.83098018238134,1.42551507427317
23,"College degree",0,2,6.7,"No",3.13549421592915,0.0700259376902612,-0.758296021237937
39,"Did not complete high school",4,15,7,"No",3.49650756146648,0.648505399936825,-0.923013277634982
27,"Some college",4,1,3.1,"Yes",3.68887945411394,-0.0449555258018621,-1.25892189581095
24,"Did not complete high school",8,4,5,"No",3.17805383034795,-0.20040406434472,-0.963382339408006
27,"Some college",3,4,11,"Yes",3.80666248977032,1.53857543718384,-1.23083025849582
41,"Did not complete high school",16,22,1.6,"No",3.89182029811063,-1.0418539548495,-0.84118325938735
38,"Did not complete high school",0,8,8.1,"Yes",3.13549421592915,-0.0355919451032026,-0.107623073312085
40,"High school degree",5,12,16.4,"Yes",3.55534806148941,1.42449532373505,0.460104797066488
54,"Did not complete high school",25,12,26.5,"Yes",4.78749174278205,2.84513028965048,2.68076122086454
40,"Did not complete high school",12,6,17.4,"No",4.48863636973214,2.54270422043482,1.01956691682315
40,"Did not complete high school",2,4,3.7,"No",3.46573590279973,-1.10764496069896,-0.158217605235374
29,"Did not complete high school",1,8,8,"No",3.43398720448515,0.843186563433176,-1.85636199241371
30,"Did not complete high school",8,6,12,"No",3.13549421592915,0.692266793132638,-0.272123733535928
29,"Did not complete high school",1,1,1.1,"No",2.89037175789616,-1.78318434095839,-3.50996369045481
29,"Some college",3,3,2.4,"Yes",3.91202300542815,-0.0610247018377746,-1.35015531450402
28,"College degree",2,4,2.5,"Yes",3.71357206670431,-0.56951462011467,-0.77826943397678
28,"College degree",0,5,10.4,"No",3.63758615972639,1.19867720737069,-0.452129134112053
39,"High school degree",16,9,14.3,"No",4.48863636973214,2.04449923308727,1.60978005389703
32,"Did not complete high school",11,2,3.3,"No",3.97029191355212,0.506697715664256,-2.41688545022135
36,"High school degree",7,16,15.4,"No",3.76120011569356,1.37957181535906,0.974106707250899
39,"Did not complete high school",20,12,8.2,"No",3.66356164612965,0.885453721071997,-0.256291938413688
28,"Some college",6,8,19.8,"Yes",3.85014760171006,1.31686550174689,1.71816567255577
28,"Did not complete high school",4,2,14.2,"Yes",3.3322045101752,1.26374247253838,-0.826998624395393
46,"Did not complete high school",6,19,12.2,"No",3.43398720448515,0.58581249528877,0.685895953845752
30,"High school degree",4,8,6.5,"No",2.70805020110221,-0.470043630045757,-1.04975069847815
39,"High school degree",15,19,4.9,"No",3.46573590279973,0.136459102695857,-0.863242977452082
40,"Some college",5,3,16,"Yes",5.39362754635236,3.29708053676959,2.10002817528822
44,"High school degree",18,4,13.4,"No",4.30406509320417,1.68534358204675,1.50888714470519
30,"Did not complete high school",0,8,16.6,"Yes",2.94443897916644,0.928024817425224,-0.470816759746755
24,"High school degree",3,0,4.3,"No",2.94443897916644,-0.780150557581575,-1.0253720500291
32,"Did not complete high school",10,13,11.3,"No",3.46573590279973,0.895284436460068,0.155265486770449
29,"High school degree",3,8,2.6,"No",2.70805020110221,-1.41321345047115,-1.91977467545069
40,"High school degree",2,1,3.8,"No",3.58351893845611,0.0864492190084366,-1.28119948073999
41,"High school degree",8,21,0.7,"No",3.76120011569356,-1.53611775052139,-2.45591111294675
22,"Did not complete high school",1,3,18.6,"No",2.83321334405622,0.856833678184703,-0.215286995036431
38,"Did not complete high school",10,8,1.2,"No",3.52636052461616,-0.989700486300154,-3.31560701382797
37,"High school degree",6,13,8.5,"No",4.12713438504509,1.40713811292448,0.170375485775554
41,"Some college",18,6,15.7,"Yes",4.26267987704132,1.52200833892158,1.88184130807694
41,"Some college",7,6,14.5,"Yes",4.02535169073515,2.04723854663974,-0.984783728319455
39,"Did not complete high school",2,15,23.1,"Yes",3.09104245335832,1.15249612470329,0.650194793363846
24,"High school degree",0,2,16.1,"Yes",2.70805020110221,0.738982984902941,-1.13570686365585
32,"Some college",9,10,23,"No",3.93182563272433,2.20208275724658,0.988116387237487
21,"Some college",0,1,7.7,"No",3.25809653802148,-0.749776793063498,0.424959191077412
29,"Did not complete high school",13,7,2.3,"No",3.29583686600433,-0.594082240516891,-2.67464927471846
35,"High school degree",14,3,0.8,"No",4.40671924726425,-1.67335795820033,-0.758466806680601
29,"Did not complete high school",6,7,18.1,"No",3.04452243772342,0.989953004718694,0.104262713293256
41,"High school degree",2,22,6.7,"No",3.40119738166216,0.640505609234348,-2.184268866176
37,"Did not complete high school",0,18,12.9,"Yes",2.89037175789616,-0.30327501292626,0.459703262137025
32,"High school degree",3,13,1.9,"No",3.85014760171006,-0.767095165512302,-0.847137873185838
36,"Post-undergraduate degree",5,12,8.1,"No",2.99573227355399,-0.115410851511328,-0.316081546973479
39,"High school degree",18,9,2.1,"No",3.78418963391826,-0.586541041013769,-1.00034648103815
36,"Did not complete high school",18,9,11.2,"No",4.20469261939097,0.814791197470662,1.6573316749556
46,"Some college",22,4,2.3,"No",4.59511985013459,0.371873163671629,-0.190493657635684
34,"Did not complete high school",13,11,9.6,"No",3.93182563272433,1.10553229013328,0.628698255408534
27,"Did not complete high school",7,4,9.1,"No",3.25809653802148,0.545119218582716,-0.444435692546241
43,"Did not complete high school",8,11,3.3,"No",3.80666248977032,-0.213391259871531,-0.389847697213088
33,"Did not complete high school",14,8,41.3,"Yes",4.27666611901606,2.6891609165815,2.70916158328817
39,"High school degree",20,17,1.4,"No",4.61512051684126,0.0706690658878739,-1.0765357780171
29,"Did not complete high school",1,4,2.5,"No",2.83321334405622,-1.22672979144855,-2.02684909156067
34,"College degree",7,15,6.4,"No",3.68887945411394,0.476383236209775,-0.0515459578832308
26,"Did not complete high school",1,0,4.9,"No",3.04452243772342,-0.865452666087423,-0.497351804724126
31,"Did not complete high school",15,2,4.8,"No",4.0943445622221,0.730674152450667,-0.218753203012917
26,"Did not complete high school",10,6,2.7,"No",3.17805383034795,-1.08779105003653,-1.16783375771006
28,"Did not complete high school",12,7,7.7,"No",3.80666248977032,0.476994759247086,0.617224100555736
48,"Did not complete high school",13,20,30.8,"Yes",3.91202300542815,2.22852942716463,1.81054851112464
39,"High school degree",2,12,16,"Yes",3.8286413964891,1.21079746327303,1.38725390061459
37,"Did not complete high school",3,3,3.7,"No",3.2188758248682,-0.431783416426038,-1.28862333394644
52,"Post-undergraduate degree",9,0,9.4,"Yes",4.24849524204936,1.6583880638049,0.284547163756293
48,"Did not complete high school",3,11,21.3,"No",3.29583686600433,1.46965984992901,0.338786699042682
26,"Did not complete high school",7,3,5.1,"No",3.09104245335832,-0.0906821058790922,-1.56689579816843
46,"Post-undergraduate degree",15,0,3.1,"No",4.83628190695148,1.23240514710747,-0.741220401794393
31,"Did not complete high school",7,10,4.9,"No",3.13549421592915,-0.103584316256571,-1.48987867737646
34,"Did not complete high school",13,8,6.1,"No",4.02535169073515,0.936780182077004,-0.145895514328293
40,"Did not complete high school",22,4,3.6,"No",4.55387689160054,1.02507338533324,-0.457758902829298
24,"Some college",2,5,6.4,"Yes",2.77258872223978,-0.282808633635945,-1.3080896492185
33,"Did not complete high school",2,14,3.1,"No",3.78418963391826,-0.175711451754349,-0.644090385273082
53,"College degree",5,29,17.3,"Yes",4.35670882668959,1.88069848712359,1.93671312867826
47,"Some college",9,1,20.1,"Yes",3.95124371858143,2.06840132211368,0.932099512016778
35,"Did not complete high school",5,5,13,"No",3.46573590279973,1.3826075732619,-1.7445705864256
34,"Did not complete high school",14,8,17,"No",3.3322045101752,1.28712574712288,0.128955941192702
49,"Did not complete high school",11,5,10.1,"No",3.66356164612965,0.392760748396526,0.899321973376059
26,"High school degree",0,7,9.3,"No",3.3322045101752,0.287618070403694,0.239608851217333
23,"Did not complete high school",2,2,9.6,"Yes",2.77258872223978,-0.313155790025237,-0.217081959935614
23,"High school degree",0,4,8.7,"No",3.04452243772342,0.316325650177867,-0.78762710512156
38,"High school degree",4,13,1.6,"No",4.02535169073515,-0.78905914139816,-0.817060970946654
28,"High school degree",5,2,8.3,"No",3.61091791264422,0.666296916913774,0.116881295877914
30,"Some college",0,8,29.7,"Yes",4.17438726989564,2.73471744818387,1.36087654813527
34,"Did not complete high school",18,10,15.4,"No",3.52636052461616,1.14306416718097,0.741763996372086
50,"High school degree",16,14,11.1,"No",4.26267987704132,1.82746584123525,0.508557653865442
29,"Did not complete high school",12,2,6.7,"No",3.68887945411394,0.046769075525994,0.489879783250525
42,"Some college",0,9,6.6,"No",4.15888308335967,1.37250370565067,-1.27731799055175
31,"Did not complete high school",13,12,5,"No",3.29583686600433,0.106519843377673,-1.43716669149365
39,"Did not complete high school",10,4,4.8,"No",3.43398720448515,0.265043748365154,-1.6900407769662
45,"High school degree",21,26,3,"No",4.88280192258637,0.337785659418027,0.939288250066854
45,"Did not complete high school",22,24,11.7,"No",4.51085950651685,2.23971493935712,0.228207507815997
36,"Did not complete high school",14,17,5.7,"No",3.97029191355212,0.124758649392809,0.635584273158799
25,"College degree",0,6,12.1,"Yes",3.17805383034795,0.267581400744778,0.468252096206929
29,"High school degree",1,7,21.2,"Yes",3.36729582998647,1.33970262862769,0.845907751776639
30,"High school degree",8,4,6.4,"No",4.02535169073515,1.17886666624568,-1.0986762907162
31,"Did not complete high school",1,1,4.5,"No",3.17805383034795,-0.147433292079734,-1.52748932978693
43,"Did not complete high school",4,2,4.6,"No",3.36729582998647,0.247359952973177,-2.93069387737477
32,"High school degree",11,4,23.8,"Yes",4.04305126783455,2.0950729816572,1.69377281084832
47,"Did not complete high school",19,7,30.1,"No",3.91202300542815,2.47438903305862,1.15548084568881
46,"Did not complete high school",1,15,14.8,"Yes",3.04452243772342,0.548789393450548,0.3197939235684
43,"High school degree",16,10,4.1,"No",4.4188406077966,1.14561418817832,-1.35236454317704
48,"Did not complete high school",3,7,7,"No",3.17805383034795,-0.0881756909037255,-0.268664066616019
30,"Some college",8,7,2.8,"No",4.11087386417331,0.146715104324637,-0.597880638071351
23,"College degree",0,4,18.4,"Yes",3.46573590279973,1.62325560687217,-0.20036496442487
36,"College degree",8,0,1.6,"No",3.46573590279973,-0.718620898133401,-3.70598492201688
20,"Some college",0,1,2.3,"No",2.83321334405622,-1.05783125498674,-3.12830412668381
43,"Did not complete high school",16,7,0.4,"No",4.48863636973214,-1.62703178083515,-1.83578659469726
23,"Did not complete high school",2,1,4.5,"Yes",3.2188758248682,0.0012492194004319,-2.08949187753334
41,"Did not complete high school",21,2,20.5,"No",4.33073334028633,2.15539744820775,1.93855171348053
34,"Did not complete high school",12,5,25.1,"Yes",4.21950770517611,2.22471608778326,2.0563192704578
50,"Did not complete high school",11,5,4.8,"No",3.58351893845611,-0.112747734091844,-0.1807739549477
40,"Did not complete high school",9,4,6.6,"No",4.15888308335967,1.23375837696963,-0.23586411572359
29,"High school degree",0,8,12.9,"Yes",3.09104245335832,0.58739325419294,0.0379776331570801
39,"High school degree",9,16,18.7,"No",4.02535169073515,1.74173554428871,1.56124716857641
24,"High school degree",1,2,5.7,"No",3.73766961828337,0.442182691043327,-0.176856517362896
27,"Did not complete high school",0,5,1.1,"No",2.77258872223978,-3.08819850122658,-2.03702593763004
40,"Some college",18,14,6.6,"No",5.05624580534831,1.95101111696916,1.20183111254048
32,"High school degree",8,2,3.7,"No",3.80666248977032,-0.381772995851376,-0.0178076186499648
39,"High school degree",16,12,3.7,"No",3.97029191355212,0.236498772014674,-0.365003818634153
40,"Did not complete high school",22,1,14.6,"No",4.60517018598809,2.21898606911773,1.68676925537042
32,"Did not complete high school",10,11,9.1,"No",3.73766961828337,0.824935680228546,0.431955128782627
39,"Did not complete high school",23,1,18.9,"No",4.31748811353631,2.40173561650243,1.14188727214943
24,"Did not complete high school",3,3,28.9,"Yes",3.04452243772342,1.21979753025289,0.986748449949279
43,"College degree",18,14,6.5,"Yes",6.10031895202006,2.561754258565,2.77455366547376
56,"Did not complete high school",11,20,15,"No",4.07753744390572,1.42964116562326,1.54175846374396
32,"Some college",5,9,4.5,"No",3.13549421592915,-0.343935014002579,-1.12078121343917
42,"Did not complete high school",7,12,10.2,"No",3.2188758248682,-0.0827839614789214,0.488242534565733
46,"Some college",3,13,13.2,"Yes",3.76120011569356,0.968376032541914,1.11262564138646
31,"Did not complete high school",2,2,16.4,"Yes",3.09104245335832,0.625373565477723,0.55334243726884
43,"Did not complete high school",25,16,2.6,"No",5.48893772615669,1.53817389241211,0.492205337229422
28,"High school degree",6,9,11.5,"No",3.09104245335832,0.631160068475051,-0.430459891347488
39,"Some college",11,17,12.9,"No",3.66356164612965,0.904307620321565,0.940311509077567
39,"Did not complete high school",0,8,7.9,"No",3.66356164612965,0.700606292089593,0.063937715690118
37,"College degree",1,14,16.1,"Yes",3.49650756146648,0.962910542529359,0.990912372077852
30,"Did not complete high school",0,11,12,"No",2.83321334405622,0.551606657447362,-1.19085916518055
37,"Post-undergraduate degree",9,16,5.9,"No",5.17614973257383,2.2571006837908,-0.119172124994409
22,"Did not complete high school",4,3,17.5,"No",2.63905732961526,0.799577124175792,-1.48987867737646
50,"Did not complete high school",1,26,14.3,"No",3.25809653802148,0.624030730008844,0.616030687341768
30,"Did not complete high school",10,2,4.4,"No",2.94443897916644,-0.693291190928941,-1.09042985626055
39,"Did not complete high school",8,0,4,"No",3.04452243772342,-0.573339529155233,-1.28605091536154
21,"High school degree",0,2,12.5,"Yes",3.04452243772342,0.75928598306399,-0.716927709225349
31,"Some college",9,2,2.6,"No",3.3322045101752,-0.500175867600746,-2.10721569735083
31,"High school degree",9,1,5.8,"No",3.40119738166216,0.129237185701499,-0.507431390697975
48,"Did not complete high school",0,23,22.3,"No",3.40119738166216,1.39311604046682,0.979310600442438
28,"Did not complete high school",4,1,23.8,"No",2.77258872223978,1.00163138064099,0.0818380182156324
47,"Some college",16,26,17.6,"Yes",5.39816270151775,3.14001545795428,2.75948929819336
27,"High school degree",6,1,4.4,"No",3.52636052461616,0.229631260543096,-1.43605619720962
29,"High school degree",6,10,18.4,"No",4.17438726989564,2.3000458718991,0.685800257896892
21,"High school degree",2,0,4.5,"Yes",2.99573227355399,-0.495444521727688,-1.23546347141731
29,"Did not complete high school",7,5,19.8,"Yes",2.99573227355399,1.08321434648801,0.00582301330278878
24,"College degree",0,3,6.6,"Yes",3.36729582998647,0.281025969666295,-0.5284602029778
44,"Did not complete high school",12,3,9.7,"No",3.43398720448515,0.974245250960434,-1.02768888186422
22,"Did not complete high school",1,0,4.4,"No",2.89037175789616,-0.650225631647341,-1.30906668886633
38,"High school degree",13,0,2.4,"No",4.07753744390572,0.00815862770136671,-0.896958803574663
52,"High school degree",12,16,7.7,"No",4.33073334028633,1.58045390496638,-0.00517335877399747
25,"Did not complete high school",3,2,16.3,"Yes",2.89037175789616,0.948533308210905,-1.0438968564793
25,"Did not complete high school",5,5,10.9,"No",3.09104245335832,0.690712218444394,-0.909156242973556
51,"High school degree",27,21,11.5,"No",5.11198778835654,2.90521275020847,-0.197390525550918
38,"Did not complete high school",21,16,16.5,"No",4.06044301054642,1.60662796823609,1.52257852389364
44,"Did not complete high school",9,20,5.2,"No",3.49650756146648,0.157270379927096,-0.60570789513619
24,"High school degree",2,3,9.7,"Yes",3.25809653802148,0.491187654912865,-0.119071865841312
34,"Did not complete high school",5,3,7.3,"No",3.49650756146648,0.489127717562872,-0.250891232126746
25,"High school degree",6,2,4.5,"No",3.25809653802148,0.0951283450915774,-2.65640696795037
45,"Some college",5,17,10.5,"Yes",4.54329478227,1.83379352890048,1.28437790786462
34,"High school degree",4,10,5.8,"No",3.2188758248682,-0.127662931490156,-0.562382110680393
27,"College degree",2,8,5.7,"Yes",3.13549421592915,-0.00892369802104127,-1.13979684890737
33,"High school degree",10,13,20.9,"Yes",4.04305126783455,1.75813908491768,1.81015080700586
35,"High school degree",0,16,15,"Yes",3.09104245335832,0.285103751436981,0.6780843028829
50,"High school degree",15,31,1.1,"No",4.0943445622221,-1.64994745577231,-0.759415196411675
33,"Did not complete high school",13,13,3.6,"No",3.73766961828337,0.249737185086551,-1.47704216440987
41,"Some college",13,13,25.2,"Yes",4.51085950651685,3.02606107053562,0.839898552905259
28,"Did not complete high school",0,2,33.3,"Yes",3.3322045101752,1.9515541914404,0.826094652736101
38,"Some college",12,14,16,"Yes",4.14313472639153,1.47353571166358,1.74315728738884
25,"Did not complete high school",3,2,17.8,"Yes",2.77258872223978,0.608112031363365,0.010979504043008
47,"High school degree",4,9,7.1,"Yes",3.49650756146648,0.138082271648194,0.178087606261893
30,"High school degree",12,9,7.2,"No",4.58496747867057,1.41602402255058,1.07680829998362
44,"High school degree",12,5,13,"No",4.45434729625351,2.27256290340517,0.389173111331187
25,"Did not complete high school",0,2,18.9,"Yes",2.89037175789616,1.06066740130288,-0.666111948193543
41,"High school degree",6,0,19.5,"Yes",3.58351893845611,0.918743720835222,1.5071526632932
22,"Some college",0,1,7.7,"No",2.89037175789616,-0.0966981425791736,-0.737788961183066
35,"High school degree",3,11,17.2,"Yes",3.68887945411394,1.62480719756359,0.589207876724212
42,"Post-undergraduate degree",6,23,7.8,"No",5.24702407216049,2.45645058930321,1.14951450659523
38,"Did not complete high school",3,19,14.7,"No",3.13549421592915,0.935808612751568,-0.184252219324025
23,"High school degree",1,3,18.7,"Yes",2.89037175789616,0.908557708975814,-0.121876151035758
28,"Some college",2,5,19.9,"No",3.40119738166216,1.49237586680193,0.4202551935808
52,"Did not complete high school",19,25,4.7,"No",4.48863636973214,1.33120835717785,-0.922849694921535
25,"Did not complete high school",9,2,3.5,"No",2.99573227355399,-0.519193873436507,-2.25379492882461
28,"High school degree",1,4,14.7,"No",2.77258872223978,0.575552127233776,-0.555321023652555
43,"Did not complete high school",19,11,7.5,"No",4.36944785246702,1.63761712269941,-0.245772669374571
24,"High school degree",3,1,19.1,"No",3.17805383034795,0.880117913168011,0.776024022125378
34,"Some college",13,7,9.2,"No",3.95124371858143,1.18985602988854,0.403724928206347
29,"High school degree",6,9,4.2,"No",3.2188758248682,-0.765395344767569,-0.536399874885421
31,"Did not complete high school",6,9,8.3,"No",3.04452243772342,0.0143229352871847,-0.316666079919497
42,"High school degree",14,1,8.6,"Yes",3.87120101090789,1.07389327572925,0.183361016368617
49,"High school degree",11,1,15,"No",3.93182563272433,1.96105910767015,-0.610369754102377
39,"Did not complete high school",22,9,14.3,"No",4.29045944114839,1.90393823768164,1.31552929522366
45,"Some college",0,19,4.2,"No",3.09104245335832,-0.112599990869296,-3.49029092485611
41,"Did not complete high school",7,22,2.9,"No",3.46573590279973,-0.15593360162148,-2.62576999848848
29,"High school degree",9,0,1.6,"No",3.8286413964891,-0.704022098712248,-1.42126683085125
35,"Some college",7,5,15.1,"No",3.63758615972639,1.47135721597267,0.324152372067691
27,"High school degree",5,6,6.8,"No",3.2188758248682,-0.00551518068811011,-0.348848507689268
28,"Did not complete high school",4,7,4.1,"No",2.94443897916644,-0.708610117946668,-1.2494165739246
48,"Did not complete high school",17,22,3.2,"No",4.18965474202643,-0.43980813653071,0.38379193242667
24,"Did not complete high school",2,5,6,"No",2.89037175789616,-0.594424647642304,-0.638431748371137
31,"Did not complete high school",6,12,4.2,"No",3.49650756146648,0.21549034006043,-1.9273730280569
43,"Did not complete high school",10,9,6.4,"No",4.23410650459726,1.38762148010779,-0.889921476854087
42,"Did not complete high school",3,10,10.6,"No",3.17805383034795,0.629926191096211,-0.405673129743164
51,"High school degree",31,14,7.8,"No",5.51745289646471,2.71794508487366,1.45227871154239
22,"Did not complete high school",4,3,23.1,"Yes",2.94443897916644,0.916982492552556,0.635131340411568
37,"Did not complete high school",6,10,11.7,"Yes",3.43398720448515,0.655412602560567,0.531253349764908
22,"Some college",1,3,13.8,"Yes",3.2188758248682,0.387402965289756,0.681504668775871
49,"High school degree",2,13,16.9,"Yes",2.99573227355399,1.09909217350496,-0.971380698192115
29,"Did not complete high school",9,8,8.2,"No",3.40119738166216,0.835089353200557,-1.86445920264633
42,"Did not complete high school",2,16,9.7,"No",3.40119738166216,0.362933319389187,0.38693447148873
34,"Did not complete high school",15,0,13.2,"No",4.20469261939097,1.62982625052116,1.31935616305934
34,"High school degree",9,7,1.7,"No",3.29583686600433,-1.80872456612409,-1.22031562366611
32,"High school degree",5,5,15,"Yes",3.76120011569356,1.53557606383565,0.591114454994794
42,"High school degree",18,23,9.6,"No",4.18965474202643,1.54649300082607,0.495320437229525
24,"Did not complete high school",3,0,16.1,"Yes",2.63905732961526,0.347491303103646,-0.176155009091406
34,"Did not complete high school",16,9,7.6,"No",3.87120101090789,0.776664460295298,0.387838671191098
26,"Did not complete high school",10,2,4.7,"No",3.46573590279973,0.320389311219641,-2.06881025461118
30,"High school degree",12,9,20.1,"No",4.21950770517611,2.38060002303856,1.04963630723572
32,"Did not complete high school",4,3,28.5,"Yes",2.77258872223978,1.29916661372312,-0.112317996225325
38,"Some college",13,18,5.7,"No",3.2188758248682,0.0784183121341067,-1.06878653177087
43,"High school degree",10,24,8.5,"No",3.61091791264422,0.903742328952675,-0.39130336070207
31,"High school degree",9,8,13.5,"No",3.97029191355212,1.78508977619312,0.178049946443032
37,"College degree",10,18,17.3,"No",4.81218435537242,2.90456949139388,1.10579244950718
37,"High school degree",4,11,21.7,"Yes",2.99573227355399,1.42705235359206,-1.75100147675589
41,"Some college",12,11,26.5,"Yes",4.45434729625351,2.87914171411514,1.60763829409196
32,"Did not complete high school",0,4,3,"Yes",2.99573227355399,-1.08885999722543,-1.33408148967296
22,"High school degree",0,1,9,"Yes",3.55534806148941,0.862383497805244,-0.246924079979613
32,"High school degree",12,3,18.2,"No",4.14313472639153,1.77773762098562,1.71371576222069
47,"High school degree",17,23,9.5,"No",3.71357206670431,1.23526360094453,-0.785887664861669
40,"Did not complete high school",21,21,6.2,"No",3.8286413964891,0.634019063421599,-0.0337346690496373
31,"Did not complete high school",8,1,6.7,"No",3.09104245335832,0.0989634983022272,-0.994322546083208
34,"Some college",7,0,2.2,"No",3.29583686600433,-0.757864917755755,-2.07677310512556
52,"College degree",13,17,7.7,"No",5.4553211153577,2.36373851614688,1.99977313894546
28,"Did not complete high school",2,2,2.5,"Yes",2.83321334405622,-1.48865936779792,-1.61281862059358
38,"Some college",15,18,13.4,"No",4.14313472639153,1.20940024906536,1.62738116510536
33,"High school degree",10,4,3.1,"No",3.25809653802148,-0.254412364791939,-3.48584065573126
39,"High school degree",9,12,6.6,"No",3.46573590279973,-0.382467589915465,0.357551359774153
47,"Some college",23,11,4,"No",4.74493212836325,1.37290512400087,-0.425871917885827
36,"High school degree",11,8,1.3,"No",3.89182029811063,-1.00960191101231,-1.29961770681031
29,"Some college",7,2,13.6,"Yes",4.43081679884331,1.50684689151621,1.93318958464593
48,"College degree",14,10,16.5,"Yes",4.07753744390572,1.56848153388472,1.59648336343321
38,"Some college",12,18,5.8,"No",4.15888308335967,1.03581731333745,-0.111387530567528
46,"High school degree",9,26,4.3,"No",2.70805020110221,-0.461773589125719,-4.21076602523935
27,"Some college",5,4,19.9,"Yes",3.73766961828337,1.73165696108655,0.996207400835916
54,"Did not complete high school",18,34,8.5,"No",4.7361984483945,1.85557898194101,1.19228476453074
27,"College degree",0,0,12.7,"Yes",3.2188758248682,0.562910354884853,0.350110947976087
23,"Did not complete high school",1,0,1.6,"No",2.83321334405622,-1.34590510021532,-4.44850837597471
41,"Did not complete high school",23,2,13.7,"No",4.51085950651685,2.47599354582899,-0.556028729130204
24,"Did not complete high school",3,5,11.3,"Yes",2.70805020110221,0.483730853303231,-2.61887242245616
28,"Did not complete high school",9,0,27.7,"Yes",3.09104245335832,-0.210101470196866,1.66458837836192
26,"Did not complete high school",0,0,10.5,"No",2.63905732961526,0.194101895329486,-1.36343757897696
24,"Did not complete high school",8,0,5.6,"Yes",2.83321334405622,-0.960493434553888,-0.563354769222277
49,"High school degree",22,4,7.3,"No",4.36944785246702,1.70085872024573,-1.24358025892072
28,"High school degree",3,1,8.6,"No",3.58351893845611,0.997721767681735,-0.957362757649619
38,"Did not complete high school",6,17,13,"No",2.89037175789616,0.792521816532974,-2.03225265887738
33,"High school degree",2,9,4.5,"No",3.61091791264422,-0.185324059798211,-0.181324054464865
26,"Did not complete high school",8,4,4.7,"No",3.2188758248682,-0.0359640219335866,-1.55910132554526
36,"Did not complete high school",9,1,9.8,"No",3.68887945411394,0.664912301545162,0.680912642891603
37,"Some college",16,14,36.6,"Yes",3.91202300542815,2.39607543608138,1.99061032797322
25,"College degree",0,1,33.4,"Yes",2.89037175789616,1.16639803186879,1.03018782703424
29,"Did not complete high school",9,2,4.8,"No",3.49650756146648,-0.116300135696212,-0.365583075213457
27,"High school degree",8,4,6.9,"No",3.63758615972639,0.814276610787102,-1.00934396050994
45,"Did not complete high school",17,0,15,"No",4.12713438504509,1.92620294577755,0.89060362493817
37,"Did not complete high school",9,8,5.5,"No",4.04305126783455,0.575233198830499,0.305611623105237
29,"High school degree",3,6,6.1,"Yes",3.25809653802148,0.0472136840822055,-0.620540048389031
51,"Did not complete high school",10,1,13.2,"Yes",3.78418963391826,-0.164912379751306,1.60141219232893
22,"Some college",0,0,8.4,"Yes",3.13549421592915,0.444124125078138,-0.986509354286925
30,"College degree",7,10,15.7,"No",3.40119738166216,1.49205879519169,-1.33271568021866
31,"Did not complete high school",7,2,12.3,"No",2.99573227355399,0.854117411442865,-2.20093143926755
28,"Did not complete high school",2,0,14.8,"Yes",2.89037175789616,-0.322124460007997,0.662374521892692
35,"Did not complete high school",10,16,5.7,"No",3.66356164612965,0.695716876062546,-1.52393016532951
25,"College degree",1,1,8.5,"Yes",3.52636052461616,1.01416489459049,-2.0178573803687
32,"High school degree",5,0,14.8,"Yes",3.3322045101752,0.438162023389577,0.953256597075143
33,"Did not complete high school",2,10,9.6,"No",3.17805383034795,0.233166750799523,0.0405736436837388
28,"High school degree",3,4,25.1,"Yes",3.71357206670431,1.48029846110044,1.77440016458656
46,"Some college",4,17,5.4,"No",4.29045944114839,0.541575173097426,0.79898718124645
41,"Did not complete high school",24,12,14,"No",4.4188406077966,1.61571020044412,1.88533177616938
42,"High school degree",11,5,6.8,"No",4.29045944114839,0.739461902396236,1.0540304570326
41,"College degree",9,13,5,"No",3.85014760171006,0.648620415176471,-0.827593277112868
26,"Did not complete high school",3,5,25.7,"Yes",3.36729582998647,1.59461519676911,0.92686146429787
47,"Did not complete high school",27,8,9.2,"No",4.72738781871234,2.08135421136044,0.867387841351346
29,"Did not complete high school",1,3,25.6,"Yes",2.89037175789616,0.965675005240049,0.683823853099061
34,"Did not complete high school",3,14,4.7,"No",3.58351893845611,0.0654618447431077,-0.471047373757578
36,"Did not complete high school",7,2,6.2,"No",3.76120011569356,0.486282899941737,0.0389706818980721
38,"High school degree",7,4,3,"No",4.15888308335967,0.238323746909239,-0.429429985561997
41,"High school degree",4,14,19.2,"Yes",3.25809653802148,1.25827915489726,0.387056708424809
46,"Did not complete high school",9,23,13.8,"No",3.43398720448515,0.978670424417256,0.480624527297665
40,"Some college",3,15,16.5,"Yes",4.00733318523247,1.99109176943873,0.560458290073663
44,"High school degree",17,0,2.5,"No",4.85981240436167,0.983397826400894,-0.595158772231741
35,"Some college",10,15,10.4,"No",3.66356164612965,0.897670445337586,0.471327752207867
36,"Did not complete high school",20,15,5.4,"No",4.0943445622221,0.781048161734408,0.0547154321888087
28,"High school degree",0,3,4.8,"Yes",3.40119738166216,0.276904199279902,-2.11229536655091
29,"High school degree",6,7,5.1,"Yes",2.89037175789616,-0.758902441625412,-0.798907776239111
23,"High school degree",3,3,11.4,"Yes",3.09104245335832,0.210209060280845,0.242211791367019
41,"High school degree",7,17,15.4,"No",4.14313472639153,1.62224435872353,1.53418750333234
25,"Did not complete high school",1,1,6.9,"No",2.94443897916644,0.114136394736186,-1.66023133178
45,"High school degree",2,19,5.4,"No",3.36729582998647,0.115845159186095,-0.813783783770288
48,"High school degree",30,14,7.2,"No",4.99721227376411,1.89931437544882,1.37994625445971
38,"Did not complete high school",18,7,7,"No",3.80666248977032,0.961072874646048,-0.624554389094334
29,"Did not complete high school",6,4,5.4,"No",3.8286413964891,0.273103316947395,0.156972979105513
42,"College degree",15,8,3.6,"No",5.2257466737132,1.45678451112571,0.877077442693316
31,"Did not complete high school",11,12,10.9,"No",3.85014760171006,0.815029801421774,1.05213439913003
40,"Did not complete high school",3,13,6.9,"No",3.13549421592915,0.163439405729515,-0.892950252516248
26,"Did not complete high school",2,6,19.8,"No",3.04452243772342,1.14267127846164,0.022610446386047
25,"Did not complete high school",6,6,20.2,"No",3.09104245335832,0.780243720589767,0.816247609345769
53,"College degree",7,11,7.9,"No",4.11087386417331,1.07990811784765,0.628390502294505
50,"Some college",18,27,14.1,"No",4.62497281328427,2.1518128996488,1.75467423431719
47,"Did not complete high school",31,9,23.1,"Yes",4.91265488573605,2.84401084071555,2.65545416377661
23,"Did not complete high school",1,0,8.4,"Yes",3.04452243772342,-0.590778335489284,0.190706306328348
37,"Some college",12,8,4.1,"No",4.4188406077966,1.12594142257961,-1.13980310119336
41,"Did not complete high school",24,15,11.5,"No",4.60517018598809,1.86252854011626,1.62136648329937
28,"High school degree",0,7,13.3,"Yes",3.36729582998647,0.535704170289089,0.764699640171238
31,"Did not complete high school",7,11,30.7,"Yes",3.71357206670431,2.26085581201388,1.09717992999871
41,"High school degree",6,1,6.3,"No",2.94443897916644,0.0700035605686294,-2.08354595326493
36,"Did not complete high school",7,17,9.9,"No",3.68887945411394,0.81762773766405,0.527611941866049
41,"Did not complete high school",1,16,4.4,"No",2.94443897916644,-0.520209515076332,-1.42045525676714
53,"High school degree",16,31,5.6,"No",3.78418963391826,0.123080976749681,0.287450045535618
31,"High school degree",6,5,11.5,"No",3.2188758248682,-0.609955589673181,0.84656544938259
28,"High school degree",5,6,2.9,"No",3.2188758248682,-0.950817478943755,-1.0830096454407
48,"Did not complete high school",28,25,12,"No",4.24849524204936,1.40256133358376,1.46658319234869
23,"High school degree",0,1,3.9,"Yes",3.73766961828337,-0.479385097931672,0.0186607991879201
31,"Did not complete high school",11,6,6.8,"No",3.52636052461616,0.699999648680497,-1.20982992381033
27,"Did not complete high school",6,6,4.9,"No",3.76120011569356,0.202260612691826,-0.124619224237947
43,"Did not complete high school",11,17,1.3,"No",3.61091791264422,-1.20029291675841,-1.71538749044398
29,"High school degree",5,7,18.7,"No",3.3322045101752,1.13468188842816,0.754155728667249
53,"Did not complete high school",6,7,6.4,"Yes",3.29583686600433,0.125370180343816,-0.520148951226875
38,"Did not complete high school",4,9,13.6,"No",2.94443897916644,0.291558549197701,0.219527420988819
30,"Did not complete high school",12,10,8.5,"No",3.63758615972639,1.11802595143851,-1.76498122819545
28,"Some college",2,0,9.4,"Yes",2.99573227355399,0.498882588796112,-1.45620193653524
36,"Did not complete high school",11,2,32.5,"No",3.49650756146648,2.24701424183873,0.235506810297608
48,"Did not complete high school",15,5,2.1,"No",4.0943445622221,-0.0632593396391909,-1.13538001286032
31,"Did not complete high school",12,9,6.6,"No",3.17805383034795,0.132837151695046,-0.816590203768537
35,"Did not complete high school",16,10,10.5,"No",4.04305126783455,1.57729997708629,0.133774488074429
50,"Did not complete high school",4,4,12.5,"No",3.13549421592915,1.00581145781257,-1.9598823066222
42,"High school degree",12,9,15,"No",4.00733318523247,1.74348792055436,0.92930566895165
40,"Did not complete high school",2,3,7.1,"No",3.3322045101752,0.589516279367382,-1.6880266775945
37,"High school degree",0,13,0.9,"Yes",3.43398720448515,-1.82645650963481,-2.13692659709663
31,"Some college",6,8,2.8,"No",3.98898404656427,0.10418702738972,-0.910825692443097
38,"Did not complete high school",11,13,8,"No",3.55534806148941,0.428139425147037,0.235546318031252
35,"Did not complete high school",15,1,10.6,"No",4.34380542185368,0.978631339368184,1.70496406891378
44,"Did not complete high school",24,10,5.6,"No",4.61512051684126,0.979819743628552,1.09595008147043
44,"High school degree",21,14,13.2,"No",4.72738781871234,2.46163597576364,1.16065519835629
33,"Did not complete high school",0,12,0.9,"No",3.13549421592915,-2.04344139359881,-2.55853596728437
35,"Did not complete high school",7,14,4.9,"No",3.36729582998647,0.145565936135367,-1.33064775615397
36,"Some college",10,4,13,"No",3.76120011569356,1.53223716257013,-0.0392815150016762
23,"High school degree",3,4,6.3,"No",3.17805383034795,-0.0406970023321042,-0.594424647642304
27,"Did not complete high school",0,7,12.8,"No",2.89037175789616,0.542956648984325,-0.539719047420972
34,"Did not complete high school",6,1,1.2,"No",2.99573227355399,-1.62191543394521,-3.15872190204845
35,"Did not complete high school",0,5,11.1,"Yes",3.52636052461616,0.877149823536385,0.314783002229072
24,"High school degree",4,4,3.7,"No",2.99573227355399,-0.877358521872368,-1.12664146138961
48,"Did not complete high school",30,8,6.4,"No",4.61512051684126,1.52375801227202,0.628373965217177
26,"High school degree",8,1,11.8,"No",3.68887945411394,1.45309282665831,-0.812651697114669
40,"Did not complete high school",6,9,2.1,"Yes",3.58351893845611,-1.00745252813217,-0.939426307276312
34,"Did not complete high school",9,8,9.3,"No",3.87120101090789,1.39732925213985,-0.868415271633123
35,"Did not complete high school",17,4,3,"No",3.73766961828337,0.154230676627429,-2.37257846481458
30,"Did not complete high school",7,2,25.4,"Yes",3.49650756146648,1.97642577494847,0.152805203651434
20,"Did not complete high school",4,0,9.7,"Yes",2.63905732961526,0.145844276983683,-1.60452997608152
36,"College degree",1,17,11.5,"No",3.40119738166216,1.13965825810411,-1.12608626566886
21,"Did not complete high school",1,1,6.3,"No",2.77258872223978,-0.142854720085407,-1.95814468672366
34,"Did not complete high school",18,10,10.5,"No",3.97029191355212,1.55280089205672,-0.173978457439705
35,"Did not complete high school",7,5,16.1,"Yes",3.66356164612965,1.52112918515849,0.531574274029536
35,"Some college",1,4,7.9,"No",2.99573227355399,-0.319103942460121,-0.158761292384942
34,"Did not complete high school",10,1,10.3,"Yes",3.49650756146648,-0.108324905121842,0.916956110460718
33,"Did not complete high school",12,12,10.8,"No",4.21950770517611,1.78808874033859,0.311875048049254
30,"Did not complete high school",4,2,10.7,"No",2.89037175789616,0.529882090400588,-1.48162534114054
24,"High school degree",0,5,7.3,"No",2.77258872223978,0.134069247954409,-3.70793995685268
47,"Did not complete high school",31,8,7.2,"No",5.53338948872752,2.18690753925417,2.23091463998301
53,"Did not complete high school",0,26,28.9,"Yes",3.29583686600433,1.61909929065339,1.01322105308578
22,"Some college",0,2,4.7,"No",2.99573227355399,-0.327143881332968,-1.51859222913452
48,"High school degree",6,1,12.1,"No",4.18965474202643,1.73519969969425,0.839815652639412
36,"High school degree",6,15,4.6,"Yes",3.29583686600433,-0.0202659746249758,-1.33917416199478
29,"High school degree",6,4,11.5,"No",3.04452243772342,0.715644702774453,-0.995618070485165
33,"Did not complete high school",15,3,7.6,"No",3.46573590279973,0.663067282571592,-0.710773617477012
45,"Did not complete high school",19,22,8.4,"No",4.34380542185368,1.42681038883708,0.834042393584754
37,"Did not complete high school",12,14,14.7,"No",3.78418963391826,1.24510975724159,1.09683871681896
